id;start_date;end_date;language
1;2025-03-05T04:57:01;2025-03-04T06:55:09;FRENCH
2;2025-03-04T11:39:49;2025-03-04T20:35:32;SPANISH
3;2025-03-05T03:25:19;2025-03-04T10:31:12;ENGLISH
4;2025-03-04T08:42:26;2025-03-04T23:27:48;FRENCH
5;2025-03-04T14:41:37;2025-03-04T11:56:18;SPANISH
6;2025-03-04T09:31:49;2025-03-05T05:19:16;FRENCH
7;2025-03-04T12:35:18;2025-03-05T03:41:38;SPANISH
8;2025-03-04T06:52:26;2025-03-04T08:23:41;ENGLISH
9;2025-03-04T17:45:10;2025-03-04T20:38:38;ENGLISH
10;2025-03-04T14:44:58;2025-03-05T05:45:06;SPANISH
